state,fips,year,state_mw,federal_mw,effective_mw
AK,2,2005,7.150000095367432,5.150000000000033,7.150000095367432
AK,2,2006,7.150000095367432,5.150000000000033,7.150000095367432
AK,2,2007,7.150000095367432,5.4587671232876716,7.150000095367432
AK,2,2008,7.150000095367432,6.157923497267728,7.150000095367432
AK,2,2009,7.1941094398498535,6.858767123287659,7.1941094398498535
AK,2,2010,7.75,7.25,7.75
AK,2,2011,7.75,7.25,7.75
AK,2,2012,7.75,7.25,7.75
AK,2,2013,7.75,7.25,7.75
AK,2,2014,7.75,7.25,7.75
AK,2,2015,8.75,7.25,8.75
AK,2,2016,9.75,7.25,9.75
AK,2,2017,9.800000190734863,7.25,9.800000190734863
AK,2,2018,9.84000015258789,7.25,9.84000015258789
AK,2,2019,9.890000343322754,7.25,9.890000343322754
AK,2,2020,10.1899995803833,7.25,10.1899995803833
AK,2,2021,10.34000015258789,7.25,10.34000015258789
AK,2,2022,10.34000015258789,7.25,10.34000015258789
AL,1,2005,5.150000095367432,5.150000000000033,5.150000095367432
AL,1,2006,5.150000095367432,5.150000000000033,5.150000095367432
AL,1,2007,5.458766937255859,5.458767123287624,5.458767123287624
AL,1,2008,6.157923698425293,6.15792349726776,6.157923698425293
AL,1,2009,6.858767032623291,6.858767123287659,6.858767123287659
AL,1,2010,7.25,7.25,7.25
AL,1,2011,7.25,7.25,7.25
AL,1,2012,7.25,7.25,7.25
AL,1,2013,7.25,7.25,7.25
AL,1,2014,7.25,7.25,7.25
AL,1,2015,7.25,7.25,7.25
AL,1,2016,7.25,7.25,7.25
AL,1,2017,7.25,7.25,7.25
AL,1,2018,7.25,7.25,7.25
AL,1,2019,7.25,7.25,7.25
AL,1,2020,7.25,7.25,7.25
AL,1,2021,7.25,7.25,7.25
AL,1,2022,7.25,7.25,7.25
AR,5,2005,5.150000095367432,5.150000000000033,5.150000095367432
AR,5,2006,5.427260398864746,5.150000000000033,5.427260398864746
AR,5,2007,6.25,5.45876712328768,6.25
AR,5,2008,6.381967067718506,6.15792349726776,6.381967067718506
AR,5,2009,6.858767032623291,6.858767123287659,6.858767123287659
AR,5,2010,7.25,7.25,7.25
AR,5,2011,7.25,7.25,7.25
AR,5,2012,7.25,7.25,7.25
AR,5,2013,7.25,7.25,7.25
AR,5,2014,7.25,7.25,7.25
AR,5,2015,7.5,7.25,7.5
AR,5,2016,8.0,7.25,8.0
AR,5,2017,8.5,7.25,8.5
AR,5,2018,8.5,7.25,8.5
AR,5,2019,9.25,7.25,9.25
AR,5,2020,10.0,7.25,10.0
AR,5,2021,11.0,7.25,11.0
AR,5,2022,11.0,7.25,11.0
AZ,4,2005,5.150000095367432,5.150000000000033,5.150000095367432
AZ,4,2006,5.150000095367432,5.150000000000033,5.150000095367432
AZ,4,2007,6.75,5.458767123287678,6.75
AZ,4,2008,6.900000095367432,6.15792349726773,6.900000095367432
AZ,4,2009,7.25,6.858767123287677,7.25
AZ,4,2010,7.25,7.25,7.25
AZ,4,2011,7.349999904632568,7.25,7.349999904632568
AZ,4,2012,7.650000095367432,7.25,7.650000095367432
AZ,4,2013,7.800000190734863,7.25,7.800000190734863
AZ,4,2014,7.900000095367432,7.25,7.900000095367432
AZ,4,2015,8.050000190734863,7.25,8.050000190734863
AZ,4,2016,8.050000190734863,7.25,8.050000190734863
AZ,4,2017,10.0,7.25,10.0
AZ,4,2018,10.5,7.25,10.5
AZ,4,2019,11.0,7.25,11.0
AZ,4,2020,12.0,7.25,12.0
AZ,4,2021,12.149999618530273,7.25,12.149999618530273
AZ,4,2022,12.800000190734863,7.25,12.800000190734863
CA,6,2005,6.75,5.150000000000033,6.75
CA,6,2006,6.75,5.150000000000033,6.75
CA,6,2007,7.5,5.458767123287675,7.5
CA,6,2008,8.0,6.157923497267734,8.0
CA,6,2009,8.0,6.858767123287677,8.0
CA,6,2010,8.0,7.25,8.0
CA,6,2011,8.0,7.25,8.0
CA,6,2012,8.0,7.25,8.0
CA,6,2013,8.0,7.25,8.0
CA,6,2014,8.504109382629395,7.25,8.504109382629395
CA,6,2015,9.0,7.25,9.0
CA,6,2016,10.0,7.25,10.0
CA,6,2017,10.5,7.25,10.5
CA,6,2018,11.0,7.25,11.0
CA,6,2019,12.0,7.25,12.0
CA,6,2020,13.0,7.25,13.0
CA,6,2021,14.0,7.25,14.0
CA,6,2022,15.0,7.25,15.0
CO,8,2005,5.150000095367432,5.150000000000033,5.150000095367432
CO,8,2006,5.150000095367432,5.150000000000033,5.150000095367432
CO,8,2007,6.849999904632568,5.458767123287674,6.849999904632568
CO,8,2008,7.019999980926514,6.157923497267731,7.019999980926514
CO,8,2009,7.28000020980835,6.8587671232876755,7.28000020980835
CO,8,2010,7.25,7.25,7.25
CO,8,2011,7.360000133514404,7.25,7.360000133514404
CO,8,2012,7.639999866485596,7.25,7.639999866485596
CO,8,2013,7.78000020980835,7.25,7.78000020980835
CO,8,2014,8.0,7.25,8.0
CO,8,2015,8.229999542236328,7.25,8.229999542236328
CO,8,2016,8.3100004196167,7.25,8.3100004196167
CO,8,2017,9.300000190734863,7.25,9.300000190734863
CO,8,2018,10.199999809265137,7.25,10.199999809265137
CO,8,2019,11.100000381469727,7.25,11.100000381469727
CO,8,2020,12.0,7.25,12.0
CO,8,2021,12.319999694824219,7.25,12.319999694824219
CO,8,2022,12.5600004196167,7.25,12.5600004196167
CT,9,2005,7.099999904632568,5.150000000000033,7.099999904632568
CT,9,2006,7.400000095367432,5.150000000000033,7.400000095367432
CT,9,2007,7.650000095367432,5.458767123287674,7.650000095367432
CT,9,2008,7.650000095367432,6.157923497267734,7.650000095367432
CT,9,2009,8.0,6.8587671232876755,8.0
CT,9,2010,8.25,7.25,8.25
CT,9,2011,8.25,7.25,8.25
CT,9,2012,8.25,7.25,8.25
CT,9,2013,8.25,7.25,8.25
CT,9,2014,8.699999809265137,7.25,8.699999809265137
CT,9,2015,9.149999618530273,7.25,9.149999618530273
CT,9,2016,9.600000381469727,7.25,9.600000381469727
CT,9,2017,10.100000381469727,7.25,10.100000381469727
CT,9,2018,10.100000381469727,7.25,10.100000381469727
CT,9,2019,10.326849937438965,7.25,10.326849937438965
CT,9,2020,11.333333015441895,7.25,11.333333015441895
CT,9,2021,12.419178009033203,7.25,12.419178009033203
CT,9,2022,13.504109382629395,7.25,13.504109382629395
DC,11,2005,6.599999904632568,5.150000000000033,6.599999904632568
DC,11,2006,7.0,5.150000000000033,7.0
DC,11,2007,7.0,5.458767123287671,7.0
DC,11,2008,7.241940021514893,6.15792349726776,7.241940021514893
DC,11,2009,7.858767032623291,6.858767123287659,7.858767032623291
DC,11,2010,8.25,7.25,8.25
DC,11,2011,8.25,7.25,8.25
DC,11,2012,8.25,7.25,8.25
DC,11,2013,8.25,7.25,8.25
DC,11,2014,8.88013744354248,7.25,8.88013744354248
DC,11,2015,10.004109382629395,7.25,10.004109382629395
DC,11,2016,11.002732276916504,7.25,11.002732276916504
DC,11,2017,12.004109382629395,7.25,12.004109382629395
DC,11,2018,12.878082275390625,7.25,12.878082275390625
DC,11,2019,13.628082275390625,7.25,13.628082275390625
DC,11,2020,14.502732276916504,7.25,14.502732276916504
DC,11,2021,15.100821495056152,7.25,15.100821495056152
DC,11,2022,15.653698921203613,7.25,15.653698921203613
DE,10,2005,6.150000095367432,5.150000000000033,6.150000095367432
DE,10,2006,6.150000095367432,5.150000000000033,6.150000095367432
DE,10,2007,6.650000095367432,5.458767123287675,6.650000095367432
DE,10,2008,7.150000095367432,6.157923497267734,7.150000095367432
DE,10,2009,7.1941094398498535,6.858767123287659,7.1941094398498535
DE,10,2010,7.25,7.25,7.25
DE,10,2011,7.25,7.25,7.25
DE,10,2012,7.25,7.25,7.25
DE,10,2013,7.25,7.25,7.25
DE,10,2014,7.543150901794434,7.25,7.543150901794434
DE,10,2015,8.043150901794434,7.25,8.043150901794434
DE,10,2016,8.25,7.25,8.25
DE,10,2017,8.25,7.25,8.25
DE,10,2018,8.25,7.25,8.25
DE,10,2019,8.87602710723877,7.25,8.87602710723877
DE,10,2020,9.25,7.25,9.25
DE,10,2021,9.25,7.25,9.25
DE,10,2022,10.5,7.25,10.5
FL,12,2005,5.818493366241455,5.150000000000033,5.818493366241455
FL,12,2006,6.400000095367432,5.150000000000033,6.400000095367432
FL,12,2007,6.670000076293945,5.458767123287675,6.670000076293945
FL,12,2008,6.789999961853027,6.157923497267729,6.789999961853027
FL,12,2009,7.227643966674805,6.858767123287659,7.227643966674805
FL,12,2010,7.25,7.25,7.25
FL,12,2011,7.285178184509277,7.25,7.285178184509277
FL,12,2012,7.670000076293945,7.25,7.670000076293945
FL,12,2013,7.789999961853027,7.25,7.789999961853027
FL,12,2014,7.929999828338623,7.25,7.929999828338623
FL,12,2015,8.050000190734863,7.25,8.050000190734863
FL,12,2016,8.050000190734863,7.25,8.050000190734863
FL,12,2017,8.100000381469727,7.25,8.100000381469727
FL,12,2018,8.25,7.25,8.25
FL,12,2019,8.460000038146973,7.25,8.460000038146973
FL,12,2020,8.5600004196167,7.25,8.5600004196167
FL,12,2021,8.926904678344727,7.25,8.926904678344727
FL,12,2022,10.254794120788574,7.25,10.254794120788574
GA,13,2005,5.150000095367432,5.150000000000033,5.150000095367432
GA,13,2006,5.150000095367432,5.150000000000033,5.150000095367432
GA,13,2007,5.458766937255859,5.458767123287624,5.458767123287624
GA,13,2008,6.157923698425293,6.15792349726776,6.157923698425293
GA,13,2009,6.858767032623291,6.858767123287659,6.858767123287659
GA,13,2010,7.25,7.25,7.25
GA,13,2011,7.25,7.25,7.25
GA,13,2012,7.25,7.25,7.25
GA,13,2013,7.25,7.25,7.25
GA,13,2014,7.25,7.25,7.25
GA,13,2015,7.25,7.25,7.25
GA,13,2016,7.25,7.25,7.25
GA,13,2017,7.25,7.25,7.25
GA,13,2018,7.25,7.25,7.25
GA,13,2019,7.25,7.25,7.25
GA,13,2020,7.25,7.25,7.25
GA,13,2021,7.25,7.25,7.25
GA,13,2022,7.25,7.25,7.25
HI,15,2005,6.25,5.150000000000033,6.25
HI,15,2006,6.75,5.150000000000033,6.75
HI,15,2007,7.25,5.45876712328768,7.25
HI,15,2008,7.25,6.157923497267728,7.25
HI,15,2009,7.25,6.8587671232876755,7.25
HI,15,2010,7.25,7.25,7.25
HI,15,2011,7.25,7.25,7.25
HI,15,2012,7.25,7.25,7.25
HI,15,2013,7.25,7.25,7.25
HI,15,2014,7.25,7.25,7.25
HI,15,2015,7.75,7.25,7.75
HI,15,2016,8.5,7.25,8.5
HI,15,2017,9.25,7.25,9.25
HI,15,2018,10.100000381469727,7.25,10.100000381469727
HI,15,2019,10.100000381469727,7.25,10.100000381469727
HI,15,2020,10.100000381469727,7.25,10.100000381469727
HI,15,2021,10.100000381469727,7.25,10.100000381469727
HI,15,2022,10.578904151916504,7.25,10.578904151916504
IA,19,2005,5.150000095367432,5.150000000000033,5.150000095367432
IA,19,2006,5.150000095367432,5.150000000000033,5.150000095367432
IA,19,2007,5.94109582901001,5.458767123287667,5.94109582901001
IA,19,2008,7.25,6.157923497267727,7.25
IA,19,2009,7.25,6.858767123287673,7.25
IA,19,2010,7.25,7.25,7.25
IA,19,2011,7.25,7.25,7.25
IA,19,2012,7.25,7.25,7.25
IA,19,2013,7.25,7.25,7.25
IA,19,2014,7.25,7.25,7.25
IA,19,2015,7.25,7.25,7.25
IA,19,2016,7.25,7.25,7.25
IA,19,2017,7.25,7.25,7.25
IA,19,2018,7.25,7.25,7.25
IA,19,2019,7.25,7.25,7.25
IA,19,2020,7.25,7.25,7.25
IA,19,2021,7.25,7.25,7.25
IA,19,2022,7.25,7.25,7.25
ID,16,2005,5.150000095367432,5.150000000000033,5.150000095367432
ID,16,2006,5.150000095367432,5.150000000000033,5.150000095367432
ID,16,2007,5.458766937255859,5.458767123287624,5.458767123287624
ID,16,2008,6.157923698425293,6.15792349726776,6.157923698425293
ID,16,2009,6.858767032623291,6.858767123287659,6.858767123287659
ID,16,2010,7.25,7.25,7.25
ID,16,2011,7.25,7.25,7.25
ID,16,2012,7.25,7.25,7.25
ID,16,2013,7.25,7.25,7.25
ID,16,2014,7.25,7.25,7.25
ID,16,2015,7.25,7.25,7.25
ID,16,2016,7.25,7.25,7.25
ID,16,2017,7.25,7.25,7.25
ID,16,2018,7.25,7.25,7.25
ID,16,2019,7.25,7.25,7.25
ID,16,2020,7.25,7.25,7.25
ID,16,2021,7.25,7.25,7.25
ID,16,2022,7.25,7.25,7.25
IL,17,2005,6.5,5.150000000000033,6.5
IL,17,2006,6.5,5.150000000000033,6.5
IL,17,2007,7.0041093826293945,5.458767123287633,7.0041093826293945
IL,17,2008,7.625682830810547,6.157923497267756,7.625682830810547
IL,17,2009,7.876027584075928,6.858767123287663,7.876027584075928
IL,17,2010,8.12602710723877,7.25,8.12602710723877
IL,17,2011,8.25,7.25,8.25
IL,17,2012,8.25,7.25,8.25
IL,17,2013,8.25,7.25,8.25
IL,17,2014,8.25,7.25,8.25
IL,17,2015,8.25,7.25,8.25
IL,17,2016,8.25,7.25,8.25
IL,17,2017,8.25,7.25,8.25
IL,17,2018,8.25,7.25,8.25
IL,17,2019,8.25,7.25,8.25
IL,17,2020,9.627049446105957,7.25,9.627049446105957
IL,17,2021,11.0,7.25,11.0
IL,17,2022,12.0,7.25,12.0
IN,18,2005,5.150000095367432,5.150000000000033,5.150000095367432
IN,18,2006,5.150000095367432,5.150000000000033,5.150000095367432
IN,18,2007,5.458766937255859,5.458767123287624,5.458767123287624
IN,18,2008,6.157923698425293,6.15792349726776,6.157923698425293
IN,18,2009,6.858767032623291,6.858767123287659,6.858767123287659
IN,18,2010,7.25,7.25,7.25
IN,18,2011,7.25,7.25,7.25
IN,18,2012,7.25,7.25,7.25
IN,18,2013,7.25,7.25,7.25
IN,18,2014,7.25,7.25,7.25
IN,18,2015,7.25,7.25,7.25
IN,18,2016,7.25,7.25,7.25
IN,18,2017,7.25,7.25,7.25
IN,18,2018,7.25,7.25,7.25
IN,18,2019,7.25,7.25,7.25
IN,18,2020,7.25,7.25,7.25
IN,18,2021,7.25,7.25,7.25
IN,18,2022,7.25,7.25,7.25
KS,20,2005,5.150000095367432,5.150000000000033,5.150000095367432
KS,20,2006,5.150000095367432,5.150000000000033,5.150000095367432
KS,20,2007,5.458766937255859,5.458767123287624,5.458767123287624
KS,20,2008,6.157923698425293,6.15792349726776,6.157923698425293
KS,20,2009,6.858767032623291,6.858767123287659,6.858767123287659
KS,20,2010,7.25,7.25,7.25
KS,20,2011,7.25,7.25,7.25
KS,20,2012,7.25,7.25,7.25
KS,20,2013,7.25,7.25,7.25
KS,20,2014,7.25,7.25,7.25
KS,20,2015,7.25,7.25,7.25
KS,20,2016,7.25,7.25,7.25
KS,20,2017,7.25,7.25,7.25
KS,20,2018,7.25,7.25,7.25
KS,20,2019,7.25,7.25,7.25
KS,20,2020,7.25,7.25,7.25
KS,20,2021,7.25,7.25,7.25
KS,20,2022,7.25,7.25,7.25
KY,21,2005,5.150000095367432,5.150000000000033,5.150000095367432
KY,21,2006,5.150000095367432,5.150000000000033,5.150000095367432
KY,21,2007,5.512465953826904,5.458767123287633,5.512465953826904
KY,21,2008,6.2019124031066895,6.157923497267759,6.2019124031066895
KY,21,2009,6.902876853942871,6.858767123287662,6.902876853942871
KY,21,2010,7.25,7.25,7.25
KY,21,2011,7.25,7.25,7.25
KY,21,2012,7.25,7.25,7.25
KY,21,2013,7.25,7.25,7.25
KY,21,2014,7.25,7.25,7.25
KY,21,2015,7.25,7.25,7.25
KY,21,2016,7.25,7.25,7.25
KY,21,2017,7.25,7.25,7.25
KY,21,2018,7.25,7.25,7.25
KY,21,2019,7.25,7.25,7.25
KY,21,2020,7.25,7.25,7.25
KY,21,2021,7.25,7.25,7.25
KY,21,2022,7.25,7.25,7.25
LA,22,2005,5.150000095367432,5.150000000000033,5.150000095367432
LA,22,2006,5.150000095367432,5.150000000000033,5.150000095367432
LA,22,2007,5.458766937255859,5.458767123287624,5.458767123287624
LA,22,2008,6.157923698425293,6.15792349726776,6.157923698425293
LA,22,2009,6.858767032623291,6.858767123287659,6.858767123287659
LA,22,2010,7.25,7.25,7.25
LA,22,2011,7.25,7.25,7.25
LA,22,2012,7.25,7.25,7.25
LA,22,2013,7.25,7.25,7.25
LA,22,2014,7.25,7.25,7.25
LA,22,2015,7.25,7.25,7.25
LA,22,2016,7.25,7.25,7.25
LA,22,2017,7.25,7.25,7.25
LA,22,2018,7.25,7.25,7.25
LA,22,2019,7.25,7.25,7.25
LA,22,2020,7.25,7.25,7.25
LA,22,2021,7.25,7.25,7.25
LA,22,2022,7.25,7.25,7.25
MA,25,2005,6.75,5.150000000000033,6.75
MA,25,2006,6.75,5.150000000000033,6.75
MA,25,2007,7.5,5.458767123287672,7.5
MA,25,2008,8.0,6.157923497267729,8.0
MA,25,2009,8.0,6.858767123287678,8.0
MA,25,2010,8.0,7.25,8.0
MA,25,2011,8.0,7.25,8.0
MA,25,2012,8.0,7.25,8.0
MA,25,2013,8.0,7.25,8.0
MA,25,2014,8.0,7.25,8.0
MA,25,2015,9.0,7.25,9.0
MA,25,2016,10.0,7.25,10.0
MA,25,2017,11.0,7.25,11.0
MA,25,2018,11.0,7.25,11.0
MA,25,2019,12.0,7.25,12.0
MA,25,2020,12.75,7.25,12.75
MA,25,2021,13.5,7.25,13.5
MA,25,2022,14.25,7.25,14.25
MD,24,2005,5.150000095367432,5.150000000000033,5.150000095367432
MD,24,2006,5.150000095367432,5.150000000000033,5.150000095367432
MD,24,2007,6.150000095367432,5.458767123287676,6.150000095367432
MD,24,2008,6.325956344604492,6.15792349726776,6.325956344604492
MD,24,2009,6.858767032623291,6.858767123287659,6.858767123287659
MD,24,2010,7.25,7.25,7.25
MD,24,2011,7.25,7.25,7.25
MD,24,2012,7.25,7.25,7.25
MD,24,2013,7.25,7.25,7.25
MD,24,2014,7.25,7.25,7.25
MD,24,2015,8.12602710723877,7.25,8.12602710723877
MD,24,2016,8.501365661621094,7.25,8.501365661621094
MD,24,2017,9.002055168151855,7.25,9.002055168151855
MD,24,2018,9.67849349975586,7.25,9.67849349975586
MD,24,2019,10.100000381469727,7.25,10.100000381469727
MD,24,2020,11.0,7.25,11.0
MD,24,2021,11.75,7.25,11.75
MD,24,2022,12.5,7.25,12.5
ME,23,2005,6.387808322906494,5.150000000000033,6.387808322906494
ME,23,2006,6.563013553619385,5.150000000000033,6.563013553619385
ME,23,2007,6.813013553619385,5.458767123287653,6.813013553619385
ME,23,2008,7.062841415405273,6.157923497267747,7.062841415405273
ME,23,2009,7.313013553619385,6.858767123287653,7.313013553619385
ME,23,2010,7.5,7.25,7.5
ME,23,2011,7.5,7.25,7.5
ME,23,2012,7.5,7.25,7.5
ME,23,2013,7.5,7.25,7.5
ME,23,2014,7.5,7.25,7.5
ME,23,2015,7.5,7.25,7.5
ME,23,2016,7.5,7.25,7.5
ME,23,2017,9.0,7.25,9.0
ME,23,2018,10.0,7.25,10.0
ME,23,2019,11.0,7.25,11.0
ME,23,2020,12.0,7.25,12.0
ME,23,2021,12.149999618530273,7.25,12.149999618530273
ME,23,2022,12.75,7.25,12.75
MI,26,2005,5.150000095367432,5.150000000000033,5.150000095367432
MI,26,2006,5.60369873046875,5.150000000000033,5.60369873046875
MI,26,2007,7.050821781158447,5.4587671232876325,7.050821781158447
MI,26,2008,7.2756829261779785,6.157923497267758,7.2756829261779785
MI,26,2009,7.400000095367432,6.8587671232876755,7.400000095367432
MI,26,2010,7.400000095367432,7.25,7.400000095367432
MI,26,2011,7.400000095367432,7.25,7.400000095367432
MI,26,2012,7.400000095367432,7.25,7.400000095367432
MI,26,2013,7.400000095367432,7.25,7.400000095367432
MI,26,2014,7.650684833526611,7.25,7.650684833526611
MI,26,2015,8.149999618530273,7.25,8.149999618530273
MI,26,2016,8.5,7.25,8.5
MI,26,2017,8.899999618530273,7.25,8.899999618530273
MI,26,2018,9.25,7.25,9.25
MI,26,2019,9.400684356689453,7.25,9.400684356689453
MI,26,2020,9.649999618530273,7.25,9.649999618530273
MI,26,2021,9.649999618530273,7.25,9.649999618530273
MI,26,2022,9.869999885559082,7.25,9.869999885559082
MN,27,2005,5.569178104400635,5.150000000000033,5.569178104400635
MN,27,2006,6.150000095367432,5.150000000000033,6.150000095367432
MN,27,2007,6.150000095367432,5.458767123287678,6.150000095367432
MN,27,2008,6.325956344604492,6.15792349726776,6.325956344604492
MN,27,2009,6.858767032623291,6.858767123287659,6.858767123287659
MN,27,2010,7.25,7.25,7.25
MN,27,2011,7.25,7.25,7.25
MN,27,2012,7.25,7.25,7.25
MN,27,2013,7.25,7.25,7.25
MN,27,2014,7.564383506774902,7.25,7.564383506774902
MN,27,2015,8.419178009033203,7.25,8.419178009033203
MN,27,2016,9.209016799926758,7.25,9.209016799926758
MN,27,2017,9.5,7.25,9.5
MN,27,2018,9.649999618530273,7.25,9.649999618530273
MN,27,2019,9.859999656677246,7.25,9.859999656677246
MN,27,2020,10.0,7.25,10.0
MN,27,2021,10.079999923706055,7.25,10.079999923706055
MN,27,2022,10.329999923706055,7.25,10.329999923706055
MO,29,2005,5.150000095367432,5.150000000000033,5.150000095367432
MO,29,2006,5.150000095367432,5.150000000000033,5.150000095367432
MO,29,2007,6.5,5.458767123287676,6.5
MO,29,2008,6.650000095367432,6.157923497267734,6.650000095367432
MO,29,2009,7.138219356536865,6.858767123287659,7.138219356536865
MO,29,2010,7.25,7.25,7.25
MO,29,2011,7.25,7.25,7.25
MO,29,2012,7.25,7.25,7.25
MO,29,2013,7.349999904632568,7.25,7.349999904632568
MO,29,2014,7.5,7.25,7.5
MO,29,2015,7.650000095367432,7.25,7.650000095367432
MO,29,2016,7.650000095367432,7.25,7.650000095367432
MO,29,2017,7.699999809265137,7.25,7.699999809265137
MO,29,2018,7.849999904632568,7.25,7.849999904632568
MO,29,2019,8.600000381469727,7.25,8.600000381469727
MO,29,2020,9.449999809265137,7.25,9.449999809265137
MO,29,2021,10.300000190734863,7.25,10.300000190734863
MO,29,2022,11.149999618530273,7.25,11.149999618530273
MS,28,2005,5.150000095367432,5.150000000000033,5.150000095367432
MS,28,2006,5.150000095367432,5.150000000000033,5.150000095367432
MS,28,2007,5.458766937255859,5.458767123287624,5.458767123287624
MS,28,2008,6.157923698425293,6.15792349726776,6.157923698425293
MS,28,2009,6.858767032623291,6.858767123287659,6.858767123287659
MS,28,2010,7.25,7.25,7.25
MS,28,2011,7.25,7.25,7.25
MS,28,2012,7.25,7.25,7.25
MS,28,2013,7.25,7.25,7.25
MS,28,2014,7.25,7.25,7.25
MS,28,2015,7.25,7.25,7.25
MS,28,2016,7.25,7.25,7.25
MS,28,2017,7.25,7.25,7.25
MS,28,2018,7.25,7.25,7.25
MS,28,2019,7.25,7.25,7.25
MS,28,2020,7.25,7.25,7.25
MS,28,2021,7.25,7.25,7.25
MS,28,2022,7.25,7.25,7.25
MT,30,2005,5.150000095367432,5.150000000000033,5.150000095367432
MT,30,2006,5.150000095367432,5.150000000000033,5.150000095367432
MT,30,2007,6.150000095367432,5.458767123287674,6.150000095367432
MT,30,2008,6.381967067718506,6.15792349726776,6.381967067718506
MT,30,2009,7.054383754730225,6.858767123287659,7.054383754730225
MT,30,2010,7.25,7.25,7.25
MT,30,2011,7.349999904632568,7.25,7.349999904632568
MT,30,2012,7.650000095367432,7.25,7.650000095367432
MT,30,2013,7.800000190734863,7.25,7.800000190734863
MT,30,2014,7.900000095367432,7.25,7.900000095367432
MT,30,2015,8.050000190734863,7.25,8.050000190734863
MT,30,2016,8.050000190734863,7.25,8.050000190734863
MT,30,2017,8.149999618530273,7.25,8.149999618530273
MT,30,2018,8.300000190734863,7.25,8.300000190734863
MT,30,2019,8.5,7.25,8.5
MT,30,2020,8.649999618530273,7.25,8.649999618530273
MT,30,2021,8.75,7.25,8.75
MT,30,2022,9.199999809265137,7.25,9.199999809265137
NC,37,2005,5.150000095367432,5.150000000000033,5.150000095367432
NC,37,2006,5.150000095367432,5.150000000000033,5.150000095367432
NC,37,2007,6.150000095367432,5.458767123287674,6.150000095367432
NC,37,2008,6.325956344604492,6.15792349726776,6.325956344604492
NC,37,2009,6.858767032623291,6.858767123287659,6.858767123287659
NC,37,2010,7.25,7.25,7.25
NC,37,2011,7.25,7.25,7.25
NC,37,2012,7.25,7.25,7.25
NC,37,2013,7.25,7.25,7.25
NC,37,2014,7.25,7.25,7.25
NC,37,2015,7.25,7.25,7.25
NC,37,2016,7.25,7.25,7.25
NC,37,2017,7.25,7.25,7.25
NC,37,2018,7.25,7.25,7.25
NC,37,2019,7.25,7.25,7.25
NC,37,2020,7.25,7.25,7.25
NC,37,2021,7.25,7.25,7.25
NC,37,2022,7.25,7.25,7.25
ND,38,2005,5.150000095367432,5.150000000000033,5.150000095367432
ND,38,2006,5.150000095367432,5.150000000000033,5.150000095367432
ND,38,2007,5.458766937255859,5.458767123287624,5.458767123287624
ND,38,2008,6.157923698425293,6.15792349726776,6.157923698425293
ND,38,2009,6.858767032623291,6.858767123287659,6.858767123287659
ND,38,2010,7.25,7.25,7.25
ND,38,2011,7.25,7.25,7.25
ND,38,2012,7.25,7.25,7.25
ND,38,2013,7.25,7.25,7.25
ND,38,2014,7.25,7.25,7.25
ND,38,2015,7.25,7.25,7.25
ND,38,2016,7.25,7.25,7.25
ND,38,2017,7.25,7.25,7.25
ND,38,2018,7.25,7.25,7.25
ND,38,2019,7.25,7.25,7.25
ND,38,2020,7.25,7.25,7.25
ND,38,2021,7.25,7.25,7.25
ND,38,2022,7.25,7.25,7.25
NE,31,2005,5.150000095367432,5.150000000000033,5.150000095367432
NE,31,2006,5.150000095367432,5.150000000000033,5.150000095367432
NE,31,2007,5.458766937255859,5.458767123287624,5.458767123287624
NE,31,2008,6.157923698425293,6.15792349726776,6.157923698425293
NE,31,2009,6.858767032623291,6.858767123287659,6.858767123287659
NE,31,2010,7.25,7.25,7.25
NE,31,2011,7.25,7.25,7.25
NE,31,2012,7.25,7.25,7.25
NE,31,2013,7.25,7.25,7.25
NE,31,2014,7.25,7.25,7.25
NE,31,2015,8.0,7.25,8.0
NE,31,2016,9.0,7.25,9.0
NE,31,2017,9.0,7.25,9.0
NE,31,2018,9.0,7.25,9.0
NE,31,2019,9.0,7.25,9.0
NE,31,2020,9.0,7.25,9.0
NE,31,2021,9.0,7.25,9.0
NE,31,2022,9.0,7.25,9.0
NH,33,2005,5.150000095367432,5.150000000000033,5.150000095367432
NH,33,2006,5.150000095367432,5.150000000000033,5.150000095367432
NH,33,2007,5.676027297973633,5.458767123287624,5.676027297973633
NH,33,2008,6.7553277015686035,6.15792349726776,6.7553277015686035
NH,33,2009,7.25,6.858767123287672,7.25
NH,33,2010,7.25,7.25,7.25
NH,33,2011,7.25,7.25,7.25
NH,33,2012,7.25,7.25,7.25
NH,33,2013,7.25,7.25,7.25
NH,33,2014,7.25,7.25,7.25
NH,33,2015,7.25,7.25,7.25
NH,33,2016,7.25,7.25,7.25
NH,33,2017,7.25,7.25,7.25
NH,33,2018,7.25,7.25,7.25
NH,33,2019,7.25,7.25,7.25
NH,33,2020,7.25,7.25,7.25
NH,33,2021,7.25,7.25,7.25
NH,33,2022,7.25,7.25,7.25
NJ,34,2005,5.402054786682129,5.150000000000033,5.402054786682129
NJ,34,2006,6.402054786682129,5.150000000000033,6.402054786682129
NJ,34,2007,7.150000095367432,5.458767123287677,7.150000095367432
NJ,34,2008,7.150000095367432,6.157923497267729,7.150000095367432
NJ,34,2009,7.1941094398498535,6.858767123287659,7.1941094398498535
NJ,34,2010,7.25,7.25,7.25
NJ,34,2011,7.25,7.25,7.25
NJ,34,2012,7.25,7.25,7.25
NJ,34,2013,7.25,7.25,7.25
NJ,34,2014,8.25,7.25,8.25
NJ,34,2015,8.380000114440918,7.25,8.380000114440918
NJ,34,2016,8.380000114440918,7.25,8.380000114440918
NJ,34,2017,8.4399995803833,7.25,8.4399995803833
NJ,34,2018,8.600000381469727,7.25,8.600000381469727
NJ,34,2019,9.429726600646973,7.25,9.429726600646973
NJ,34,2020,11.0,7.25,11.0
NJ,34,2021,12.0,7.25,12.0
NJ,34,2022,13.0,7.25,13.0
NM,35,2005,5.150000095367432,5.150000000000033,5.150000095367432
NM,35,2006,5.150000095367432,5.150000000000033,5.150000095367432
NM,35,2007,5.458766937255859,5.458767123287624,5.458767123287624
NM,35,2008,6.521994590759277,6.15792349726776,6.521994590759277
NM,35,2009,7.5,6.858767123287673,7.5
NM,35,2010,7.5,7.25,7.5
NM,35,2011,7.5,7.25,7.5
NM,35,2012,7.5,7.25,7.5
NM,35,2013,7.5,7.25,7.5
NM,35,2014,7.5,7.25,7.5
NM,35,2015,7.5,7.25,7.5
NM,35,2016,7.5,7.25,7.5
NM,35,2017,7.5,7.25,7.5
NM,35,2018,7.5,7.25,7.5
NM,35,2019,7.5,7.25,7.5
NM,35,2020,9.0,7.25,9.0
NM,35,2021,10.5,7.25,10.5
NM,35,2022,11.5,7.25,11.5
NV,32,2005,5.150000095367432,5.150000000000033,5.150000095367432
NV,32,2006,5.24315071105957,5.150000000000033,5.24315071105957
NV,32,2007,6.240739822387695,5.4587671232876325,6.240739822387695
NV,32,2008,6.591420650482178,6.157923497267759,6.591420650482178
NV,32,2009,7.202876567840576,6.858767123287663,7.202876567840576
NV,32,2010,7.902876853942871,7.25,7.902876853942871
NV,32,2011,8.25,7.25,8.25
NV,32,2012,8.25,7.25,8.25
NV,32,2013,8.25,7.25,8.25
NV,32,2014,8.25,7.25,8.25
NV,32,2015,8.25,7.25,8.25
NV,32,2016,8.25,7.25,8.25
NV,32,2017,8.25,7.25,8.25
NV,32,2018,8.25,7.25,8.25
NV,32,2019,8.25,7.25,8.25
NV,32,2020,8.627049446105957,7.25,8.627049446105957
NV,32,2021,9.378082275390625,7.25,9.378082275390625
NV,32,2022,10.128082275390625,7.25,10.128082275390625
NY,36,2005,6.0,5.150000000000033,6.0
NY,36,2006,6.75,5.150000000000033,6.75
NY,36,2007,7.150000095367432,5.458767123287674,7.150000095367432
NY,36,2008,7.150000095367432,6.157923497267733,7.150000095367432
NY,36,2009,7.1941094398498535,6.858767123287659,7.1941094398498535
NY,36,2010,7.25,7.25,7.25
NY,36,2011,7.25,7.25,7.25
NY,36,2012,7.25,7.25,7.25
NY,36,2013,7.252054691314697,7.25,7.252054691314697
NY,36,2014,8.002055168151855,7.25,8.002055168151855
NY,36,2015,8.75068473815918,7.25,8.75068473815918
NY,36,2016,9.001912117004395,7.25,9.001912117004395
NY,36,2017,9.70191764831543,7.25,9.70191764831543
NY,36,2018,10.401917457580566,7.25,10.401917457580566
NY,36,2019,11.10191822052002,7.25,11.10191822052002
NY,36,2020,11.801912307739258,7.25,11.801912307739258
NY,36,2021,12.501917839050293,7.25,12.501917839050293
NY,36,2022,13.202739715576172,7.25,13.202739715576172
OH,39,2005,5.150000095367432,5.150000000000033,5.150000095367432
OH,39,2006,5.150000095367432,5.150000000000033,5.150000095367432
OH,39,2007,6.849999904632568,5.458767123287674,6.849999904632568
OH,39,2008,7.0,6.157923497267728,7.0
OH,39,2009,7.300000190734863,6.8587671232876755,7.300000190734863
OH,39,2010,7.300000190734863,7.25,7.300000190734863
OH,39,2011,7.400000095367432,7.25,7.400000095367432
OH,39,2012,7.699999809265137,7.25,7.699999809265137
OH,39,2013,7.849999904632568,7.25,7.849999904632568
OH,39,2014,7.949999809265137,7.25,7.949999809265137
OH,39,2015,8.100000381469727,7.25,8.100000381469727
OH,39,2016,8.100000381469727,7.25,8.100000381469727
OH,39,2017,8.149999618530273,7.25,8.149999618530273
OH,39,2018,8.300000190734863,7.25,8.300000190734863
OH,39,2019,8.550000190734863,7.25,8.550000190734863
OH,39,2020,8.699999809265137,7.25,8.699999809265137
OH,39,2021,8.800000190734863,7.25,8.800000190734863
OH,39,2022,9.300000190734863,7.25,9.300000190734863
OK,40,2005,5.150000095367432,5.150000000000033,5.150000095367432
OK,40,2006,5.150000095367432,5.150000000000033,5.150000095367432
OK,40,2007,5.458766937255859,5.458767123287624,5.458767123287624
OK,40,2008,6.157923698425293,6.15792349726776,6.157923698425293
OK,40,2009,6.858767032623291,6.858767123287659,6.858767123287659
OK,40,2010,7.25,7.25,7.25
OK,40,2011,7.25,7.25,7.25
OK,40,2012,7.25,7.25,7.25
OK,40,2013,7.25,7.25,7.25
OK,40,2014,7.25,7.25,7.25
OK,40,2015,7.25,7.25,7.25
OK,40,2016,7.25,7.25,7.25
OK,40,2017,7.25,7.25,7.25
OK,40,2018,7.25,7.25,7.25
OK,40,2019,7.25,7.25,7.25
OK,40,2020,7.25,7.25,7.25
OK,40,2021,7.25,7.25,7.25
OK,40,2022,7.25,7.25,7.25
OR,41,2005,7.25,5.150000000000033,7.25
OR,41,2006,7.5,5.150000000000033,7.5
OR,41,2007,7.800000190734863,5.45876712328768,7.800000190734863
OR,41,2008,7.949999809265137,6.157923497267731,7.949999809265137
OR,41,2009,8.399999618530273,6.858767123287678,8.399999618530273
OR,41,2010,8.399999618530273,7.25,8.399999618530273
OR,41,2011,8.5,7.25,8.5
OR,41,2012,8.800000190734863,7.25,8.800000190734863
OR,41,2013,8.949999809265137,7.25,8.949999809265137
OR,41,2014,9.100000381469727,7.25,9.100000381469727
OR,41,2015,9.25,7.25,9.25
OR,41,2016,9.501365661621094,7.25,9.501365661621094
OR,41,2017,10.002055168151855,7.25,10.002055168151855
OR,41,2018,10.502055168151855,7.25,10.502055168151855
OR,41,2019,11.002055168151855,7.25,11.002055168151855
OR,41,2020,11.627049446105957,7.25,11.627049446105957
OR,41,2021,12.378082275390625,7.25,12.378082275390625
OR,41,2022,13.128082275390625,7.25,13.128082275390625
PA,42,2005,5.150000095367432,5.150000000000033,5.150000095367432
PA,42,2006,5.150000095367432,5.150000000000033,5.150000095367432
PA,42,2007,6.703698635101318,5.4587671232876325,6.703698635101318
PA,42,2008,7.150000095367432,6.157923497267727,7.150000095367432
PA,42,2009,7.1941094398498535,6.858767123287659,7.1941094398498535
PA,42,2010,7.25,7.25,7.25
PA,42,2011,7.25,7.25,7.25
PA,42,2012,7.25,7.25,7.25
PA,42,2013,7.25,7.25,7.25
PA,42,2014,7.25,7.25,7.25
PA,42,2015,7.25,7.25,7.25
PA,42,2016,7.25,7.25,7.25
PA,42,2017,7.25,7.25,7.25
PA,42,2018,7.25,7.25,7.25
PA,42,2019,7.25,7.25,7.25
PA,42,2020,7.25,7.25,7.25
PA,42,2021,7.25,7.25,7.25
PA,42,2022,7.25,7.25,7.25
RI,44,2005,6.75,5.150000000000033,6.75
RI,44,2006,7.043424606323242,5.150000000000033,7.043424606323242
RI,44,2007,7.400000095367432,5.458767123287675,7.400000095367432
RI,44,2008,7.400000095367432,6.15792349726773,7.400000095367432
RI,44,2009,7.400000095367432,6.858767123287673,7.400000095367432
RI,44,2010,7.400000095367432,7.25,7.400000095367432
RI,44,2011,7.400000095367432,7.25,7.400000095367432
RI,44,2012,7.400000095367432,7.25,7.400000095367432
RI,44,2013,7.75,7.25,7.75
RI,44,2014,8.0,7.25,8.0
RI,44,2015,9.0,7.25,9.0
RI,44,2016,9.600000381469727,7.25,9.600000381469727
RI,44,2017,9.600000381469727,7.25,9.600000381469727
RI,44,2018,10.100000381469727,7.25,10.100000381469727
RI,44,2019,10.5,7.25,10.5
RI,44,2020,10.751365661621094,7.25,10.751365661621094
RI,44,2021,11.5,7.25,11.5
RI,44,2022,12.25,7.25,12.25
SC,45,2005,5.150000095367432,5.150000000000033,5.150000095367432
SC,45,2006,5.150000095367432,5.150000000000033,5.150000095367432
SC,45,2007,5.458766937255859,5.458767123287624,5.458767123287624
SC,45,2008,6.157923698425293,6.15792349726776,6.157923698425293
SC,45,2009,6.858767032623291,6.858767123287659,6.858767123287659
SC,45,2010,7.25,7.25,7.25
SC,45,2011,7.25,7.25,7.25
SC,45,2012,7.25,7.25,7.25
SC,45,2013,7.25,7.25,7.25
SC,45,2014,7.25,7.25,7.25
SC,45,2015,7.25,7.25,7.25
SC,45,2016,7.25,7.25,7.25
SC,45,2017,7.25,7.25,7.25
SC,45,2018,7.25,7.25,7.25
SC,45,2019,7.25,7.25,7.25
SC,45,2020,7.25,7.25,7.25
SC,45,2021,7.25,7.25,7.25
SC,45,2022,7.25,7.25,7.25
SD,46,2005,5.150000095367432,5.150000000000033,5.150000095367432
SD,46,2006,5.150000095367432,5.150000000000033,5.150000095367432
SD,46,2007,5.458766937255859,5.458767123287624,5.458767123287624
SD,46,2008,6.157923698425293,6.15792349726776,6.157923698425293
SD,46,2009,6.858767032623291,6.858767123287659,6.858767123287659
SD,46,2010,7.25,7.25,7.25
SD,46,2011,7.25,7.25,7.25
SD,46,2012,7.25,7.25,7.25
SD,46,2013,7.25,7.25,7.25
SD,46,2014,7.25,7.25,7.25
SD,46,2015,8.5,7.25,8.5
SD,46,2016,8.550000190734863,7.25,8.550000190734863
SD,46,2017,8.649999618530273,7.25,8.649999618530273
SD,46,2018,8.850000381469727,7.25,8.850000381469727
SD,46,2019,9.100000381469727,7.25,9.100000381469727
SD,46,2020,9.300000190734863,7.25,9.300000190734863
SD,46,2021,9.449999809265137,7.25,9.449999809265137
SD,46,2022,9.949999809265137,7.25,9.949999809265137
TN,47,2005,5.150000095367432,5.150000000000033,5.150000095367432
TN,47,2006,5.150000095367432,5.150000000000033,5.150000095367432
TN,47,2007,5.458766937255859,5.458767123287624,5.458767123287624
TN,47,2008,6.157923698425293,6.15792349726776,6.157923698425293
TN,47,2009,6.858767032623291,6.858767123287659,6.858767123287659
TN,47,2010,7.25,7.25,7.25
TN,47,2011,7.25,7.25,7.25
TN,47,2012,7.25,7.25,7.25
TN,47,2013,7.25,7.25,7.25
TN,47,2014,7.25,7.25,7.25
TN,47,2015,7.25,7.25,7.25
TN,47,2016,7.25,7.25,7.25
TN,47,2017,7.25,7.25,7.25
TN,47,2018,7.25,7.25,7.25
TN,47,2019,7.25,7.25,7.25
TN,47,2020,7.25,7.25,7.25
TN,47,2021,7.25,7.25,7.25
TN,47,2022,7.25,7.25,7.25
TX,48,2005,5.150000095367432,5.150000000000033,5.150000095367432
TX,48,2006,5.150000095367432,5.150000000000033,5.150000095367432
TX,48,2007,5.458766937255859,5.458767123287624,5.458767123287624
TX,48,2008,6.157923698425293,6.15792349726776,6.157923698425293
TX,48,2009,6.858767032623291,6.858767123287659,6.858767123287659
TX,48,2010,7.25,7.25,7.25
TX,48,2011,7.25,7.25,7.25
TX,48,2012,7.25,7.25,7.25
TX,48,2013,7.25,7.25,7.25
TX,48,2014,7.25,7.25,7.25
TX,48,2015,7.25,7.25,7.25
TX,48,2016,7.25,7.25,7.25
TX,48,2017,7.25,7.25,7.25
TX,48,2018,7.25,7.25,7.25
TX,48,2019,7.25,7.25,7.25
TX,48,2020,7.25,7.25,7.25
TX,48,2021,7.25,7.25,7.25
TX,48,2022,7.25,7.25,7.25
UT,49,2005,5.150000095367432,5.150000000000033,5.150000095367432
UT,49,2006,5.150000095367432,5.150000000000033,5.150000095367432
UT,49,2007,5.458766937255859,5.458767123287624,5.458767123287624
UT,49,2008,6.157923698425293,6.15792349726776,6.157923698425293
UT,49,2009,6.858767032623291,6.858767123287659,6.858767123287659
UT,49,2010,7.25,7.25,7.25
UT,49,2011,7.25,7.25,7.25
UT,49,2012,7.25,7.25,7.25
UT,49,2013,7.25,7.25,7.25
UT,49,2014,7.25,7.25,7.25
UT,49,2015,7.25,7.25,7.25
UT,49,2016,7.25,7.25,7.25
UT,49,2017,7.25,7.25,7.25
UT,49,2018,7.25,7.25,7.25
UT,49,2019,7.25,7.25,7.25
UT,49,2020,7.25,7.25,7.25
UT,49,2021,7.25,7.25,7.25
UT,49,2022,7.25,7.25,7.25
VA,51,2005,5.150000095367432,5.150000000000033,5.150000095367432
VA,51,2006,5.150000095367432,5.150000000000033,5.150000095367432
VA,51,2007,5.458766937255859,5.458767123287624,5.458767123287624
VA,51,2008,6.157923698425293,6.15792349726776,6.157923698425293
VA,51,2009,6.858767032623291,6.858767123287659,6.858767123287659
VA,51,2010,7.25,7.25,7.25
VA,51,2011,7.25,7.25,7.25
VA,51,2012,7.25,7.25,7.25
VA,51,2013,7.25,7.25,7.25
VA,51,2014,7.25,7.25,7.25
VA,51,2015,7.25,7.25,7.25
VA,51,2016,7.25,7.25,7.25
VA,51,2017,7.25,7.25,7.25
VA,51,2018,7.25,7.25,7.25
VA,51,2019,7.25,7.25,7.25
VA,51,2020,7.25,7.25,7.25
VA,51,2021,8.760273933410645,7.25,8.760273933410645
VA,51,2022,11.0,7.25,11.0
VT,50,2005,7.0,5.150000000000033,7.0
VT,50,2006,7.25,5.150000000000033,7.25
VT,50,2007,7.53000020980835,5.458767123287679,7.53000020980835
VT,50,2008,7.679999828338623,6.157923497267735,7.679999828338623
VT,50,2009,8.0600004196167,6.858767123287669,8.0600004196167
VT,50,2010,8.0600004196167,7.25,8.0600004196167
VT,50,2011,8.149999618530273,7.25,8.149999618530273
VT,50,2012,8.460000038146973,7.25,8.460000038146973
VT,50,2013,8.600000381469727,7.25,8.600000381469727
VT,50,2014,8.729999542236328,7.25,8.729999542236328
VT,50,2015,9.149999618530273,7.25,9.149999618530273
VT,50,2016,9.600000381469727,7.25,9.600000381469727
VT,50,2017,10.0,7.25,10.0
VT,50,2018,10.5,7.25,10.5
VT,50,2019,10.779999732971191,7.25,10.779999732971191
VT,50,2020,10.960000038146973,7.25,10.960000038146973
VT,50,2021,11.75,7.25,11.75
VT,50,2022,12.550000190734863,7.25,12.550000190734863
WA,53,2005,7.349999904632568,5.150000000000033,7.349999904632568
WA,53,2006,7.630000114440918,5.150000000000033,7.630000114440918
WA,53,2007,7.929999828338623,5.458767123287674,7.929999828338623
WA,53,2008,8.069999694824219,6.157923497267731,8.069999694824219
WA,53,2009,8.550000190734863,6.858767123287673,8.550000190734863
WA,53,2010,8.550000190734863,7.25,8.550000190734863
WA,53,2011,8.670000076293945,7.25,8.670000076293945
WA,53,2012,9.039999961853027,7.25,9.039999961853027
WA,53,2013,9.1899995803833,7.25,9.1899995803833
WA,53,2014,9.319999694824219,7.25,9.319999694824219
WA,53,2015,9.470000267028809,7.25,9.470000267028809
WA,53,2016,9.470000267028809,7.25,9.470000267028809
WA,53,2017,11.0,7.25,11.0
WA,53,2018,11.5,7.25,11.5
WA,53,2019,12.0,7.25,12.0
WA,53,2020,13.5,7.25,13.5
WA,53,2021,13.960000038146973,7.25,13.960000038146973
WA,53,2022,14.489999771118164,7.25,14.489999771118164
WI,55,2005,5.472465515136719,5.150000000000033,5.472465515136719
WI,55,2006,6.169041156768799,5.150000000000033,6.169041156768799
WI,55,2007,6.5,5.458767123287676,6.5
WI,55,2008,6.521994590759277,6.15792349726776,6.521994590759277
WI,55,2009,6.858767032623291,6.858767123287659,6.858767123287659
WI,55,2010,7.25,7.25,7.25
WI,55,2011,7.25,7.25,7.25
WI,55,2012,7.25,7.25,7.25
WI,55,2013,7.25,7.25,7.25
WI,55,2014,7.25,7.25,7.25
WI,55,2015,7.25,7.25,7.25
WI,55,2016,7.25,7.25,7.25
WI,55,2017,7.25,7.25,7.25
WI,55,2018,7.25,7.25,7.25
WI,55,2019,7.25,7.25,7.25
WI,55,2020,7.25,7.25,7.25
WI,55,2021,7.25,7.25,7.25
WI,55,2022,7.25,7.25,7.25
WV,54,2005,5.150000095367432,5.150000000000033,5.150000095367432
WV,54,2006,5.5028767585754395,5.150000000000033,5.5028767585754395
WV,54,2007,6.202876567840576,5.458767123287634,6.202876567840576
WV,54,2008,6.901912689208984,6.157923497267758,6.901912689208984
WV,54,2009,7.25,6.858767123287668,7.25
WV,54,2010,7.25,7.25,7.25
WV,54,2011,7.25,7.25,7.25
WV,54,2012,7.25,7.25,7.25
WV,54,2013,7.25,7.25,7.25
WV,54,2014,7.25,7.25,7.25
WV,54,2015,8.0,7.25,8.0
WV,54,2016,8.75,7.25,8.75
WV,54,2017,8.75,7.25,8.75
WV,54,2018,8.75,7.25,8.75
WV,54,2019,8.75,7.25,8.75
WV,54,2020,8.75,7.25,8.75
WV,54,2021,8.75,7.25,8.75
WV,54,2022,8.75,7.25,8.75
WY,56,2005,5.150000095367432,5.150000000000033,5.150000095367432
WY,56,2006,5.150000095367432,5.150000000000033,5.150000095367432
WY,56,2007,5.458766937255859,5.458767123287624,5.458767123287624
WY,56,2008,6.157923698425293,6.15792349726776,6.157923698425293
WY,56,2009,6.858767032623291,6.858767123287659,6.858767123287659
WY,56,2010,7.25,7.25,7.25
WY,56,2011,7.25,7.25,7.25
WY,56,2012,7.25,7.25,7.25
WY,56,2013,7.25,7.25,7.25
WY,56,2014,7.25,7.25,7.25
WY,56,2015,7.25,7.25,7.25
WY,56,2016,7.25,7.25,7.25
WY,56,2017,7.25,7.25,7.25
WY,56,2018,7.25,7.25,7.25
WY,56,2019,7.25,7.25,7.25
WY,56,2020,7.25,7.25,7.25
WY,56,2021,7.25,7.25,7.25
WY,56,2022,7.25,7.25,7.25
