state,group,g,jump_usd,jump_pct
AK,treated,2015,1.0,0.129
AL,never_treated,,,
AR,treated,2019,0.75,0.0882
AZ,treated,2017,1.95,0.2422
CA,treated,2016,1.0,0.1111
CO,treated,2017,0.99,0.1191
CT,treated,2020,1.0065,0.0975
DC,treated,2015,1.124,0.1266
DE,treated,2022,1.25,0.1351
FL,treated,2022,1.3279,0.1488
GA,never_treated,,,
HI,treated,2016,0.75,0.0968
IA,never_treated,,,
ID,never_treated,,,
IL,treated,2020,1.377,0.1669
IN,never_treated,,,
KS,never_treated,,,
KY,never_treated,,,
LA,never_treated,,,
MA,treated,2015,1.0,0.125
MD,treated,2015,0.876,0.1208
ME,treated,2017,1.5,0.2
MI,dropped,,,
MN,treated,2015,0.8548,0.113
MO,treated,2019,0.75,0.0955
MS,never_treated,,,
MT,dropped,,,
NC,never_treated,,,
ND,never_treated,,,
NE,treated,2015,0.75,0.1034
NH,never_treated,,,
NJ,treated,2014,1.0,0.1379
NM,treated,2020,1.5,0.2
NV,treated,2021,0.751,0.0871
NY,treated,2014,0.75,0.1034
OH,dropped,,,
OK,never_treated,,,
OR,dropped,,,
PA,never_treated,,,
RI,treated,2015,1.0,0.125
SC,never_treated,,,
SD,treated,2015,1.25,0.1724
TN,never_treated,,,
TX,never_treated,,,
UT,never_treated,,,
VA,treated,2021,1.5103,0.2083
VT,dropped,,,
WA,treated,2017,1.53,0.1616
WI,never_treated,,,
WV,treated,2015,0.75,0.1034
WY,never_treated,,,
